Workbook
Name Slicer_Age_Group: #N/A
Name Slicer_Position: #N/A

Sheet Dashboard
A1: Argentina World Cup 2022 Player Dashboard

Sheet Dataset
B2: Excel Sample Data
B4: 2022 FIFA World Cup Performance Data - Argentina
B6: Player Name | C6: Position | D6: Jersey Number | E6: Player DOB | F6: Club | G6: Appearances | H6: Goals Scored | I6: Assists Provided | J6: Dribbles per 90 Min | K6: Interceptions per 90 Min | L6: Tackles per 90 Min | M6: Total Duels Won per 90 Min | N6: Age Group
B7: Nicolas Otamendi | C7: DF | D7: 19 | E7: 32702 | F7: Benfica | G7: 7 | H7: 0 | I7: 1 | J7: 0.33 | K7: 1.17 | L7: 1.3 | M7: 7.17 | N7: =IF(DATEDIF(E7, TODAY(), "Y")<25, "<25", IF(DATEDIF(E7, TODAY(), "Y")<=30, "25-30", ">30")) -> >30
B8: Marcos Acuna | C8: DF | D8: 8 | E8: 33313 | F8: Sevilla | G8: 6 | H8: 0 | I8: 0 | J8: 1.45 | K8: 0.48 | L8: 2.9 | M8: 7.97 | N8: =IF(DATEDIF(E8, TODAY(), "Y")<25, "<25", IF(DATEDIF(E8, TODAY(), "Y")<=30, "25-30", ">30")) -> >30
B9: Nicolas Tagliafico | C9: DF | D9: 3 | E9: 33364 | F9: Lyon | G9: 6 | H9: 0 | I9: 0 | J9: 0.48 | K9: 2.17 | L9: 1.69 | M9: 5.07 | N9: =IF(DATEDIF(E9, TODAY(), "Y")<25, "<25", IF(DATEDIF(E9, TODAY(), "Y")<=30, "25-30", ">30")) -> >30
B10: German Pezzella | C10: DF | D10: 6 | E10: 33294 | F10: Real Betis | G10: 3 | H10: 0 | I10: 0 | J10: 0 | K10: 0 | L10: 0 | M10: 3.16 | N10: =IF(DATEDIF(E10, TODAY(), "Y")<25, "<25", IF(DATEDIF(E10, TODAY(), "Y")<=30, "25-30", ">30")) -> >30
B11: Nahuel Molina | C11: DF | D11: 26 | E11: 35837 | F11: Atletico Madrid | G11: 7 | H11: 1 | I11: 1 | J11: 0.32 | K11: 0.47 | L11: 1.42 | M11: 1.58 | N11: =IF(DATEDIF(E11, TODAY(), "Y")<25, "<25", IF(DATEDIF(E11, TODAY(), "Y")<=30, "25-30", ">30")) -> 25-30
B12: Gonzalo Montiel | C12: DF | D12: 4 | E12: 35622 | F12: Sevilla | G12: 4 | H12: 0 | I12: 0 | J12: 0.77 | K12: 0.77 | L12: 2.31 | M12: 5.39 | N12: =IF(DATEDIF(E12, TODAY(), "Y")<25, "<25", IF(DATEDIF(E12, TODAY(), "Y")<=30, "25-30", ">30")) -> 25-30
B13: Juan Foyth | C13: DF | D13: 2 | E13: 35703 | F13: Villarreal | G13: 1 | H13: 0 | I13: 0 | J13: 0 | K13: 0 | L13: 0 | M13: 0 | N13: =IF(DATEDIF(E13, TODAY(), "Y")<25, "<25", IF(DATEDIF(E13, TODAY(), "Y")<=30, "25-30", ">30")) -> 25-30
B14: Cristian Romero | C14: DF | D14: 13 | E14: 35849 | F14: Tottenham | G14: 7 | H14: 0 | I14: 0 | J14: 0.16 | K14: 0.49 | L14: 0.82 | M14: 5.09 | N14: =IF(DATEDIF(E14, TODAY(), "Y")<25, "<25", IF(DATEDIF(E14, TODAY(), "Y")<=30, "25-30", ">30")) -> 25-30
B15: Lisandro Martinez | C15: DF | D15: 25 | E15: 35712 | F15: Manchester United | G15: 5 | H15: 0 | I15: 0 | J15: 0.3 | K15: 0.9 | L15: 1.5 | M15: 4.19 | N15: =IF(DATEDIF(E15, TODAY(), "Y")<25, "<25", IF(DATEDIF(E15, TODAY(), "Y")<=30, "25-30", ">30")) -> 25-30
B16: Leandro Paredes | C16: MF | D16: 5 | E16: 33872 | F16: Juventus | G16: 5 | H16: 0 | I16: 0 | J16: 0.4 | K16: 1.21 | L16: 4.02 | M16: 9.24 | N16: =IF(DATEDIF(E16, TODAY(), "Y")<25, "<25", IF(DATEDIF(E16, TODAY(), "Y")<=30, "25-30", ">30")) -> >30
B17: Rodrigo De Paul | C17: MF | D17: 7 | E17: 33772 | F17: Atletico Madrid | G17: 7 | H17: 0 | I17: 0 | J17: 0.6 | K17: 1.05 | L17: 1.79 | M17: 4.64 | N17: =IF(DATEDIF(E17, TODAY(), "Y")<25, "<25", IF(DATEDIF(E17, TODAY(), "Y")<=30, "25-30", ">30")) -> >30
B18: Guido Rodriguez | C18: MF | D18: 18 | E18: 33742 | F18: Real Betis | G18: 1 | H18: 0 | I18: 0 | J18: 0 | K18: 0 | L18: 3.16 | M18: 6.32 | N18: =IF(DATEDIF(E18, TODAY(), "Y")<25, "<25", IF(DATEDIF(E18, TODAY(), "Y")<=30, "25-30", ">30")) -> >30
... B32: Geronimo Rulli | C32: GK | D32: 12 | E32: 33434 | F32: Villarreal | G32: 0 | H32: 0 | I32: 0 | J32: 0 | K32: 0 | L32: 0 | M32: 0 | N32: =IF(DATEDIF(E32, TODAY(), "Y")<25, "<25", IF(DATEDIF(E32, TODAY(), "Y")<=30, "25-30", ">30")) -> >30

Sheet Formulas
A1: Player Name | B1: Sum of Goals Scored | C1: Average Interceptions per 90 mins | D1: Count Apperances of Players | E1: If(Interceptions) | F1: Median of 'MF' tackles per 90 min
A2: Nicolas Otamendi | B2: =SUM(Dataset!H7:H32) -> 15 | C2: =AVERAGE(Dataset!K7:K32) -> 0.57807692 | D2: =COUNT(Dataset!G7:G32) -> 26 | E2: {=IF(Dataset!K7:K32>2, "High Interceptions", "Low Interceptions")} -> Low Interceptions | F2: {=MEDIAN(IF(Dataset!C7:C32="MF", Dataset!L7:L32))} -> 1.91
A3: Marcos Acuna | E3: Low Interceptions
A4: Nicolas Tagliafico | E4: High Interceptions
A5: German Pezzella | E5: Low Interceptions
A6: Nahuel Molina | E6: Low Interceptions
A7: Gonzalo Montiel | E7: Low Interceptions
A8: Juan Foyth | E8: Low Interceptions
A9: Cristian Romero | E9: Low Interceptions
A10: Lisandro Martinez | E10: Low Interceptions
A11: Leandro Paredes | E11: Low Interceptions
A12: Rodrigo De Paul | E12: Low Interceptions
A13: Guido Rodriguez | E13: Low Interceptions
A14: Exequiel Palacios | E14: High Interceptions
... A27: Geronimo Rulli | E27: Low Interceptions

Sheet Sort and Filters
A1: Sorted Apperances from Largest to Smallest
A2: Player Name | B2: Position | C2: Jersey Number | D2: Player DOB | E2: Club | F2: Appearances | G2: Goals Scored | H2: Assists Provided | I2: Dribbles per 90 Min | J2: Interceptions per 90 Min | K2: Tackles per 90 Min | L2: Total Duels Won per 90 Min
A3: Nicolas Otamendi | B3: DF | C3: 19 | D3: 32702 | E3: Benfica | F3: 7 | G3: 0 | H3: 1 | I3: 0.33 | J3: 1.17 | K3: 1.3 | L3: 7.17
A4: Nahuel Molina | B4: DF | C4: 26 | D4: 35837 | E4: Atletico Madrid | F4: 7 | G4: 1 | H4: 1 | I4: 0.32 | J4: 0.47 | K4: 1.42 | L4: 1.58
A5: Cristian Romero | B5: DF | C5: 13 | D5: 35849 | E5: Tottenham | F5: 7 | G5: 0 | H5: 0 | I5: 0.16 | J5: 0.49 | K5: 0.82 | L5: 5.09
A6: Rodrigo De Paul | B6: MF | C6: 7 | D6: 33772 | E6: Atletico Madrid | F6: 7 | G6: 0 | H6: 0 | I6: 0.6 | J6: 1.05 | K6: 1.79 | L6: 4.64
A7: Enzo Fernandez | B7: MF | C7: 24 | D7: 36957 | E7: Benfica | F7: 7 | G7: 1 | H7: 1 | I7: 0.8 | J7: 0.48 | K7: 3.52 | L7: 7.83
A8: Lionel Messi | B8: FW | C8: 10 | D8: 31790 | E8: PSG | F8: 7 | G8: 7 | H8: 3 | I8: 3.78 | J8: 0 | K8: 0.65 | L8: 6.39
A9: Julian Alvarez | B9: FW | C9: 9 | D9: 36566 | E9: Manchester City | F9: 7 | G9: 4 | H9: 0 | I9: 0.58 | J9: 0 | K9: 0.77 | L9: 1.93
A10: Emiliano Martinez | B10: GK | C10: 23 | D10: 33365 | E10: Aston Villa | F10: 7 | G10: 0 | H10: 0 | I10: 0 | J10: 0 | K10: 0 | L10: 0.65
A11: Marcos Acuna | B11: DF | C11: 8 | D11: 33313 | E11: Sevilla | F11: 6 | G11: 0 | H11: 0 | I11: 1.45 | J11: 0.48 | K11: 2.9 | L11: 7.97
A12: Nicolas Tagliafico | B12: DF | C12: 3 | D12: 33364 | E12: Lyon | F12: 6 | G12: 0 | H12: 0 | I12: 0.48 | J12: 2.17 | K12: 1.69 | L12: 5.07
A13: Alexis Mac Allister | B13: MF | C13: 20 | D13: 35999 | E13: Brighton | F13: 6 | G13: 1 | H13: 1 | I13: 0.97 | J13: 0.49 | K13: 1.46 | L13: 5.85
A14: Lautaro Martinez | B14: FW | C14: 22 | D14: 35897 | E14: Inter | F14: 6 | G14: 0 | H14: 0 | I14: 1.89 | J14: 0.38 | K14: 0 | L14: 6.81
... A28: Geronimo Rulli | B28: GK | C28: 12 | D28: 33434 | E28: Villarreal | F28: 0 | G28: 0 | H28: 0 | I28: 0 | J28: 0 | K28: 0 | L28: 0

Sheet Conditional Formating
A1: Player Name | B1: Position | C1: Jersey Number | D1: Player DOB | E1: Club | F1: Appearances | G1: Goals Scored | H1: Assists Provided | I1: Dribbles per 90 Min | J1: Interceptions per 90 Min | K1: Tackles per 90 Min | L1: Total Duels Won per 90 Min
A2: Nicolas Otamendi | B2: DF | C2: 19 | D2: 32702 | E2: Benfica | F2: 7 | G2: 0 | H2: 1 | I2: 0.33 | J2: 1.17 | K2: 1.3 | L2: 7.17
A3: Marcos Acuna | B3: DF | C3: 8 | D3: 33313 | E3: Sevilla | F3: 6 | G3: 0 | H3: 0 | I3: 1.45 | J3: 0.48 | K3: 2.9 | L3: 7.97
A4: Nicolas Tagliafico | B4: DF | C4: 3 | D4: 33364 | E4: Lyon | F4: 6 | G4: 0 | H4: 0 | I4: 0.48 | J4: 2.17 | K4: 1.69 | L4: 5.07
A5: German Pezzella | B5: DF | C5: 6 | D5: 33294 | E5: Real Betis | F5: 3 | G5: 0 | H5: 0 | I5: 0 | J5: 0 | K5: 0 | L5: 3.16
A6: Nahuel Molina | B6: DF | C6: 26 | D6: 35837 | E6: Atletico Madrid | F6: 7 | G6: 1 | H6: 1 | I6: 0.32 | J6: 0.47 | K6: 1.42 | L6: 1.58
A7: Gonzalo Montiel | B7: DF | C7: 4 | D7: 35622 | E7: Sevilla | F7: 4 | G7: 0 | H7: 0 | I7: 0.77 | J7: 0.77 | K7: 2.31 | L7: 5.39
A8: Juan Foyth | B8: DF | C8: 2 | D8: 35703 | E8: Villarreal | F8: 1 | G8: 0 | H8: 0 | I8: 0 | J8: 0 | K8: 0 | L8: 0
A9: Cristian Romero | B9: DF | C9: 13 | D9: 35849 | E9: Tottenham | F9: 7 | G9: 0 | H9: 0 | I9: 0.16 | J9: 0.49 | K9: 0.82 | L9: 5.09
A10: Lisandro Martinez | B10: DF | C10: 25 | D10: 35712 | E10: Manchester United | F10: 5 | G10: 0 | H10: 0 | I10: 0.3 | J10: 0.9 | K10: 1.5 | L10: 4.19
A11: Leandro Paredes | B11: MF | C11: 5 | D11: 33872 | E11: Juventus | F11: 5 | G11: 0 | H11: 0 | I11: 0.4 | J11: 1.21 | K11: 4.02 | L11: 9.24
A12: Rodrigo De Paul | B12: MF | C12: 7 | D12: 33772 | E12: Atletico Madrid | F12: 7 | G12: 0 | H12: 0 | I12: 0.6 | J12: 1.05 | K12: 1.79 | L12: 4.64
A13: Guido Rodriguez | B13: MF | C13: 18 | D13: 33742 | E13: Real Betis | F13: 1 | G13: 0 | H13: 0 | I13: 0 | J13: 0 | K13: 3.16 | L13: 6.32
... A27: Geronimo Rulli | B27: GK | C27: 12 | D27: 33434 | E27: Villarreal | F27: 0 | G27: 0 | H27: 0 | I27: 0 | J27: 0 | K27: 0 | L27: 0

Sheet QnA
A1: Question 1: Which player scored the most goals during the World Cup?
A2: Analysis: I reviewed the “Goals” bar chart on the dashboard, which ranks players by total goals scored.
A3: Solution: Lionel Messi was the top scorer with 7 goals, making him the most impactful offensive player for Argentina during the tournament.
A5: Question 2: Which position contributed the most assists?
A6: Analysis: I analysed the “Assists by Position” pie chart, which breaks down total assists by player roles (e.g., Forward, Midfielder, Defender).
A7: Solution: The Midfielders contributed the highest number of assists, accounting for the largest portion in the assist’s distribution.
A9: Question 3: Which age group had the highest total appearances?
A10: Analysis: I examined the “Appearances by Age Group” pie chart, which categorizes total player appearances into three age brackets: <25, 25–30, and >30.
A11: Solution: The 25–30 age group had the highest number of appearances, indicating that players in their prime contributed the most consistently.
A13: Question 4: Who had the highest number of interceptions per 90 minutes?
A14: Analysis: I referred to the “Interceptions per 90 mins” line chart, which visualizes each player's defensive contribution based on this metric.
A15: Solution: Cristian Romero had the highest interceptions per 90 minutes, showcasing his key role in Argentina’s defense.
... A19: Solution: Lionel Messi had the highest combined total with 10 goal contributions (7 goals + 3 assists), underlining his all-around offensive impact.
